image_name,number
37483d050adca57c,M592OK198
c350610c6c56aec1,B011EK37
e8ff37a2fd046525,C337AY774
6be42e5f4705e24b,Y243KH790
4520ec3542ae89f7,T405CK150
8def24b5abac69bc,X111BA178
621186dd2f6aec78,K470CE198
9ae52e90c7dee4e7,P060BB180
45d364919d32d961,P963PX797
825fee9dd17bb3e1,M521CY27
9cc7fbfeea1ba313,X507TK93
8fed5f3d1181ada3,C638ME72
f56b7ea5202bc62d,P573MP67
1b8168f5a774e4d1,P563OM123
9a68757030a81bf8,O406TC70
c04c1fe9ca5a607d,B106EB198
e9ef2b97edbca4d8,T585EH178
81e21f3483fe2d36,E691AE198
f779ff817c7ebaaf,B342CA62
563ec928a2c398a1,A592BY763
214589a9b309bd35,B117BH178
58b2228cb7e66614,B958BM198
1c1534c45d39e267,O333HK67
dbc75ed54cb15a2f,P722YT72
0a6aa844e3834971,Y235KP750
ea003d78b3e10455,E808AH89
77bc231767df6ff3,B445KP51
1522387ab0c141ab,M007XY178
e0da8e50d116faf3,Y975PP78
1c003fae26c7f300,H969EM197
a8abfe0fde382644,B237OH198
3db6544a37f520d2,M225CY178
34356695419f6af8,H039OA98
b1f70ce63ac1a582,E214HO51
97725a0eceaf1eae,E593EE51
0696f8013f9275c3,Y346CA31
3f5873603f81a37d,H691YB178
14d08b85ce37009c,O409MT790
ec0421f70c2334be,A937YY75
eeb462592519c313,E649XY31
52d91806b75d8c27,H439BM180
66f1b18d61c3a58f,B530BB54
cb514047a135cad7,X628OO797
f2052a210965859a,O277KX198
324df5c5074e1f2c,P309KA31
c03eb80b70173d44,O332EO75
0096f97c017f7545,B640YK82
1d2f67c87c14be71,H572EH198
a4cfa2b2e8dd24f7,E506PK198
1ceb44b17a0671b2,H752HT32
4f85a8848d5fe462,E767PC178
61236535e02327a8,A888TT190
81a930a6174aef95,Y528BY71
cf403cbd64ebedb5,E438MP178
3e70808eb980ff6d,A999CH197
4ec2f371fedc31db,P266YB40
ca48a357c15c1d75,A802CP73
66c5e0b890d723c5,A075CO51
9ea6249a761e78fd,A505XK125
a26db12a45b422e7,C271XK198
d9ac84461462542a,P534HK70
8a9884eae9fbac96,O180MP125
a97d7bf698aad89d,C077CE198
c4fd845d86102884,K018BO138
3cffaa76a9e3cee4,P098AX154
0f3e9d1f3818f7f0,A108TY37
a56e685c5adff743,X123TC36
62b98aafec944659,B483PC26
100a09c3bd5ff698,O505EY68
362464333e181d9f,E412OK164
681cab7235b03dae,X963CH178
3cfb284774103b5d,T969KO178
067f4d516c4df3d7,A275XP190
67b43fe530222c7b,H548KC198
b135752b9c02ea53,B302AT12
dff903d70396b246,M039MP178
f7f4ea3876679d8d,M047KE164
e392093b84c01128,T608PH98
f9a17bde306c88de,K005MK198
fac6e59be42a8a16,M645MM64
ca56a60374430162,Y500EK98
9396c3550105abef,Y333MX47
e1e15ff01a6eddef,O445XB178
3f1fc92be9fcee1f,K457BY199
d70413172bd62ef5,K827HK198
a94a5966cf43c5c4,X341YP150
ce73ebab1092b02b,B601XP750
05be91f5032c0f79,B981OC37
22fa5da459809f0f,H791KK797
29ee371f4b76c4e7,O596OK777
a71eb03de9d7a9a6,A031AA113
48d4122bcc131087,A473HP28
c6e596c8a05d95ef,C858EO761
29fb5ee862091cbc,O600CE69
dceec85dfd26d263,X616CX190
cc76fa9625703b6f,K815OH797
1a66cf9a308b1543,C101KC55
a40cdf380f0c6712,B070TB27
8377214866e8dc72,K936ME147
c423c7ca94a54046,K143py178
ca2d9d87c057e1ac,H294HT178
e34a6c799253c331,B992MO797
327f9e4992508d8b,K305HE76
0f2600d1bb0f462a,O592MT198
281b76f056c36530,E115ET750
9226976fd52e42d5,A205PC33
26e7db00fa0ab18a,H997KX750
dc56ea923d496558,X420BK47
8f44cb458564d20e,E233CY98
780d99662e77f0d0,K858YB82
9f8019f7cccd9a9b,H303YM196
6b8db0612ecf128b,H468KY198
ea891f6f28e61666,C240AA163
67f195cb22ade394,A687TO178
130d5dd44c5ada70,K269XA178
9f745f9338b33145,E552BT125
20512a9e9c53bf4d,T477OE790
4df4cdba22c0145c,O769OC93
21ab7e131e13eaf6,K910OT102
685de46908062087,A544OE67
153a9ec5b6b26af7,K085AY750
e8f54379b31ec2f8,O326YY96
0ac22544b27be4ef,C389KP178
09693e5256924321,T721BH196
bae25e1afb4b27d7,T422CT178
060907044a5815a7,X666MM78
725f7b40def01d8a,T222PM178
a2b0d3eeb699801b,P831PE163
86d683bfb04611cb,C060TO22
1e008498bf30f4c7,B394OB198
317bbcb74c01bd33,M839MY198
46db1109a07d5025,M051PX178
f4b976b3482e77eb,O952PH31
60a942521bfe1695,P893AX55
3d9162ff8c672329,B326TK37
d0cfc5a63be65976,Y279KE181
65c10a33cd010db3,C942MA125
6dfbb2248d7be673,K200BX78
901e262c172c1633,O648EM75
997ef43f135a0d1c,C555KO77
14d8f6c49cf43766,A312XK147
57aa85070c8e6a81,X765KE124
871cf68af4fe2569,H770AH190
366250880756673c,E265YC10
47143801fe9cbdd1,Y585KO199
61d5a7a1f3550fa6,A874AE116
f4c2718a20dea642,B836BT92
34a42270a30ecc98,B230TO62
1ffbbc22830e2517,B664KT125
269bdb9a12de4e5a,Y439HA125
5b83ec7ec21f1fab,A584PP73
fb2313267e62bae3,X602AO138
08410bc6692868ba,A505MY15
22d86ef523dc5da8,M959KA37
d072516b7a9f7a67,T804PM152
8c74350b21b9a9ac,K992AB35
c424b37dae29fc9f,O430KM62
3d075bda135fe19d,C243YC97
f7e699e7cade11c0,K187XE190
c1c77c54022f6a6e,Y338YC777
616e2995173c1565,C515OC77
5742e66a9afb6b05,M877CO178
1ab4d2583fcaba49,B946YC164
423fe43308c6be41,M706KB19
cc2edaa5e6f8995f,T310BX198
b9b9770b0b9e85e6,T144XO76
59f0f47ae3dab3d3,M928KE198
d86229b4fd93b72f,A580PO54
cd801571a69d23fd,X123OM98
45942e8a670d2f82,C848CH98
74dabc6b378d3e38,B523BY37
0b288ece14de5bb5,Y153CO31
2ff27dde5883f020,T286YP35
21506a840d523c46,C357CC178
de8451a48d638d8d,A009MX178
428a1f6075a93590,Y675AY178
88af9031d18287c4,K910YX82
f124d4cd8f17504d,P021PP666
9460d911503bdedc,M776PE56
1200b41f305880e2,Y349AE142
26cfcc9200e5db1a,O560AB550
4751678f9f61764f,B457YA42
67c1ad1a0eb71912,B364YP178
5c3fa12ce8ef2c2f,E809BH178
423f4242be467e6a,O839AY761
1f39e007f1e57b3b,K591MB51
f66edb17d216d2c0,B557MC41
ea697733e9babc13,A703YB777
cc898be03cd6e841,O134AP37
8050cf53c457f9d5,P014AX16
613a740b274d63c7,E331CE161
37b0b96f204ebd1d,K001OT43
308f9545cb1aabab,T257YY152
1aa34cdedfc05e54,X984TP27
a9c84863077272e2,B429XP16
5e98e4cb6257f0c7,T666PO33
c3bbf78558c68832,C434MK178
831ff982c2615817,E275TM178
76602399a23286d6,K986EO134
df2268b562231d72,C041CB198
712a65bb4c0f3a3c,C001AB39
061afaddcadfa91f,B979EE196
d1aec19533673717,O892BX180
fed01b5793ae24dc,M614HO178
ca64746383102668,B021OY147
af250645b0d5e46a,B230AY155
162cc8e4d82925d7,B400HT57
1c8d3ba2ab4e0d82,P209EP62
7ad950bb3973033f,H465KO178
f88e30450208662d,X929OM69
bf4c525be3af5da1,Y660YC178
2a88d71e544e952b,A649AP977
c5c587ed2a847584,Y613MA30
10942eb0c5a1bed6,Y107BH56
c1bffa2fc7275401,H842XK790
e5d0ecc316f3edd9,P001KY124
d0d84ce0cbc25fee,X076HC98
6ecae089fb21d2f5,E728TY750
9a023f2adef9833f,O780OO178
95f0cff9efbceac5,A623OE186
94ff1eef05101310,C847XM125
4a125d213737617b,H625KX178
d44ddab901764906,K024BK198
0f529e0ef618fbb2,E727TT198
7b7a507b91564d98,C149PO198
bfe261812953f411,E275XH199
dca38027581137a1,H025EY98
d1017ed2defaa3d8,P075YB154
9498b0053bc36d09,X682OE125
7d4ea9d28addc502,B797CC73
cf3213bfc2450adc,E079CO198
bf792b2d9b58d1ac,A724HE125
1900b06e63f72964,Y906OE178
cf47bcb6d1e9198e,K071XX198
a14d72c88eafe680,P400MX72
230b20c8e33767b8,P522HY38
1aa3679f116fbb03,H801PK102
8baa7b2839cea3f5,P766KK777
4f1a564e4fceeb94,B213XH198
4a08a40a1f25fb98,B300YB76
ee9aae25988008ac,Y728EP125
4d32c9cddd61df64,P758MM56
db79357bdbd76d03,X500CH78
00c980fd3135c4af,P817KT60
9d3c74bed886523d,E918EE10
53b8f09baa9b7061,A031XH51
29f68fdb49534ee7,A001AA96
9ba2a4f5d11afa54,A342KM716
d35afc8d6583b475,T523KY198
99bab86c5688e94f,C214HO178
133668583672b4ae,X994OM799
dfa2a4b6a3fd14a3,H149MY116
c86779ca05a7492f,E679YA38
75373c0e1d649417,M048EA159
8bf6873b50596102,E861EX147
c20f47a18cc02e65,B106AX125
91cea6dc2413f265,O894EH178
a07bd48bfcb641cd,M419CP163
3b2ae0860c59ac74,H260PA98
8ab421b5aaf8426b,M757HO12
5e8299ad90f504c5,K424TB199
346fc52472e043c5,E046KM154
8e6c4c0b0f64bbed,C494CM177
9cf62e926416932c,O370CB62
435425a62f391376,T706HM125
01897be6257badd0,B372XX198
cfdccadeaf520666,Y444MM74
0ed0a1268f6afb9b,K681YE164
86f8a4bb82baca99,T022YT178
cab26bb4b558deb3,M616KH125
8b5560a43be683be,Y661YE178
cf325e8c2d6f3c10,P453HB161
002d28e4d47606a2,X051MO51
94157d9ffbcce6fa,C592OC62
c7dcd7dc83c18274,P449KX178
a902e0e0c9608683,Y375AX31
b1dee53c8db12bc2,X929XB99
570d65df46a8af32,T164CE69
e5a7b96d4ef676c6,Y581OB97
db36ebb53e61e808,B528BC125
abf6241183b0eab8,H045AK125
bc02a2e2ba51f532,O818MX55
b6350c4370986616,M202TC71
9e16fbea93ddc5b8,A756MC125
96a3fa551f5e88ab,H544TB799
0ebf46d7047bf357,T525YP71
7d613897b7528336,K300CT134
343d40a9fb9c56c5,P379OE46
ade0d5cd24d2e40c,O140PM74
ab9e4fd63bd64388,M284ET198
94e876c9e5c5eeb0,A404CT763
b07278a1b044cb1a,A919XB41
64cc1d3a1d9f6c49,O850HE196
6e556002a88da3dc,B211HM164
7ad6797dafa32b28,T627HC190
384f1a0ca944644f,O363OO64
e8f7efc96299d28e,C667EK178
4efc3413b39d0e0d,P800XP150
e83df8d17fd17420,Y672XP790
78d16a7bbe0ced7f,X590OX797
bd0d143966f13646,C935TO25
13f0f9e5ef2c6ef5,B132MT03
3bc1fd3aed94e1d4,C152KP37
3250569359715c43,O665MC198
d01f5581325266bf,Y490AT180
6c3b9b57ffe0ac32,K004XT198
68bf98c8dc98da61,C313EP07
e814e080c19b34fa,M898OK197
7a6a97801e0ab983,H428XB178
eeac03031cea189f,E758EY198
f0651022a47a99b9,A993MC18
9074fd491e3a387d,M333MB64
72d30eb94465c374,A254TK79
ed359863a109d119,M474YM35
857db1f7c50de8c6,C763XX70
533b9840b46dce60,C253EP161
8b6d5894ec7df640,K266YA69
083e78e678ccfec9,H169CO57
6604e3bd8a59b387,O099CA43
286af91a6354c1fc,X858CB178
44b6068711eb3fb9,A131BC67
7691f4fe43f9e1d9,C746XX178
d32ea16a7af49fdf,H523KX198
cfaa5c4e9a14b04b,C700MC51
3db69c6fdbbd704f,C793MB55
98b49f6f65f56a18,B962EA60
7b9691c980608e54,O187OO05
ad28e7ac8adcfb90,H280AA799
13e7ff4b0977925c,A077AX37
a85d2c82f2e56bad,P204KE190
2f50440799340030,K565EY164
9f9b3489c8fd2637,O656XC178
20e08014d4df2bc6,Y496EC197
b941ec3768ab5bde,X617HT152
cc6cb4b1036547ce,P481YY190
6f36e8add9c51a2d,X800OX36
2fb311e6a88a5d89,P592CE34
d04bcb9ca9e50d5f,A939XA71
c62030e7f60497e1,C964PM198
4e130796f62f1800,C981HP777
81bfc2d8806380ba,Y898TX178
2554cbac2d636f1a,K846XP70
8c750d70e4e1b4c3,K505PA77
a11a4360f9f0add3,O670PT198
9a9306f67e5aa416,M697YT198
a02d5a3095bc8590,K965HY164
812d98507ca25636,T511MT98
b166afe2e51c1b09,M497YP76
551ca2259c57a8d4,Y961MP193
71f71eb187fca62c,H725PH44
51375e4904a9bab1,T345PK163
d5d7ef42d7971201,X933BH180
753dad755916b849,O135XX197
5ef8fa20964eed06,K666YB82
f2a1ea816f083ad5,Y641MO799
ce8c61ae9b193425,B254CP86
5cece0d29ee98a52,E792YA69
ee179a306393342d,A637AC49
15819398c612b797,H002TE154
0a8438252d687e6e,P489KT178
c99d3bde16784b7e,B511MP198
246096d4c3099dc8,P251TA199
a25b6bbd0c2bf6c5,P777KY16
0556dd00e20e7977,O905KO60
980a8b5dbf3bae7d,H161OA37
42b1cd20732a9199,M707YB777
1d3b5e08df6963dc,H126BT198
c7cadbf6f5d0af51,C117OA96
0ba8604c47f8db05,T331HM178
9f49bc5aaa9c3a3b,M740MB14
25dc368ad3830200,B221OH22
d6c6e631cb8aab61,O900OO52
0e9c56305f960d26,M710HC750
6aa642c15f6276a4,O402MA198
7a5227c47d45ba09,T988XH36
18976db1462ba9f4,X633TM102
48b7aaef13ff96ce,K207CP178
d16f2cbb0f511372,K024OO777
8664a5a2c1e57fa9,Y733KH123
92728167b024e3d0,B442MY14
6a8a1a4fc2b48fdd,X499EE178
5cb9a8c16bc3c670,A175BT37
77bc30c9837584fe,M867OM154
e524f9334af007cb,M936TE10
785941b637840da6,A520HX147
57854495d0d25582,C223BC124
487c4b0c46d1ed3b,E089AK152
1e3d8a5ca46f9754,T256MK51
56fb003ffded4de3,O253KC51
8fb2510aedee7cde,E432HE51
f7ca4e59ffa0410b,P566AY178
eb75bf2754790726,O444BX750
c8e4151d13928c06,E983PE62
3ef90be7c5281709,X797HP31
0203b97d21f95a7c,C971EC178
b6b22bb3eec746f5,B068BC37
93ad1fe06b1ba19b,X139AK138
3ab48bece7a0b8a7,M121AH152
07cf1869ead32f07,H002TH23
11af2626c8565b79,K799AY790
13fd23fc2feceef4,A156CE93
8b4e1e52250e993c,E705TE178
ccea2d9dbcffd9d6,K734BX799
edf0b570cf25dc47,B277XM198
e4743991a1422d72,B636MK198
cc02b82b2f53a024,A693KE155
69aea47a3eec5f76,H831TC27
2ec4510985472d1e,M527ME65
aca651f712027c3a,P992CO199
c1117690d443baad,P571PO76
4bc0f926fbe35ebb,K434HE197
6c698226a097bd2b,K841KT14
21a798c4825e5217,E810HY178
8e37a8ae909dbad8,K731TA134
c472922d5d64b1e0,E576BM35
7016b2ac9ce3c278,A588TE198
dcd9c80c00e4bd57,B092MM196
0d6975cbf354c86a,K961BT797
c22bfa7ad06765eb,O282MH51
3d0aa1e6fed8e953,K216TC763
e28cb59f9eb1ce0c,A477MT198
ac8f4eb9180012da,M154MT51
088ea5bdf539bc08,H050MH154
64393c486444d812,A503HP51
2356ba1954fa4278,H584MX198
8a224cac4263f117,K199YA198
120274b3fb638811,H936YA178
030e79615dc8d57b,B626YP64
f8e2d512491afa66,K898MT164
4e30ff6bf7d54345,M904KT763
c441589eadf96a28,X700EE89
cecf74456ada2879,A378AA154
f620f3df6459369b,K015PP190
7cbca995ab87edf6,M631CK69
99c81f8f24818788,C273OK43
809cdf2659ead6cc,E049OA51
2681caed26186a96,E869YA32
64d0fbcf79e04fa8,E230TE150
bb49154330914bb8,A600XO90
ac437ec543da19d8,M178AE178
ec21d08719bc7719,P838OY178
cd8cb1fe5578ac20,Y867CH150
ed64e8dd1ec9bdd1,H777YY71
2a6f91cf3323dd38,P616KC60
5db54abca1c5daef,O067KP178
6061f532b0da0a81,E701MO51
fdc44700493a7c36,P491XE96
f82eb87e74ee5e92,O873EK124
52d7cb39d7516d4b,H352KC134
7164bb401af6b5be,C155CK41
85275c41e3a05bf0,P046KK68
acc200552e631998,A776AC977
022e896c07262f6c,A888CM154
9a84a2ca7c649139,E557EE125
96ec7a297685c150,O245KE178
0b90c1c74d46abf7,T709YB178
464d3785c3373c92,Y977AH180
e904739051ce267e,Y076HC777
adacc00f36e324d5,E138MC178
f43b99b6379d55e9,P700YP163
d88f57699406bb09,K799HK198
55c567b373af4755,E022CX31
9089d483c3da57af,H611OE198
eb02474f1f4d5cd3,E879MP198
9b9d307cf597be6c,X520KC51
f851c4a5cc4097f6,X957MT51
4ffe901111f6c856,X764OK178
6dfa366d7bb732fc,H631EA46
b72d1f0dd9d93e7f,H543YE54
4c4319c4377d3bce,A777ET54
60c242c51026d604,E022YE22
5e7ff3a172afee91,A353YY51
4eb8e5b50fac6989,T339YX98
29407138a3bb171e,P689EM750
9d1dccc9e5e035e6,B068KC147
5b4b274ecd3beaef,K026ME178
2bf6c293d2510c45,E381EK716
634c6f974e4e17d9,H513CE161
3a43158130881652,P346OY163
a10161f961bd63f8,K910CB174
d74a7c13435f84a1,O828OM98
5dae91fb2c74f3c7,E005BT196
1ad3974b10b75bdd,E568MB142
6594106ca1b49c18,X260BY54
3c1fd30f3c27fc56,O178PE98
9ff43d33601ca128,M127KA125
127dc1b66e2ab6a6,O186YH163
c572b9c427d25628,C832YB69
6e8d1bf80c9fb292,K155MP123
0998e05b77629df5,A026CE51
8f0c04b6e5c2cf6c,M555CY750
d631efad516dd366,A632PE198
22b575e9b2dc748e,K221PM164
7e20b65b8461d260,A848TX51
5d2202a43f13c593,A833XP198
bf37368f13a88d9c,B754PX178
1e30ec70774de816,X035AM138
c2f7060718cacc32,B515YH22
693cef03e3157f09,A380AO774
48b4ec2f44654473,C100OM77
0f29ae00b24d1499,E429BH198
048024974d39da5b,B258PP178
b17ded3d0f4b76b4,M773OC71
71ac074d1aa2297d,P960AE180
59bc707325fd5f4a,X111OO150
29dc090cf4565138,K100YA10
519caa252e9ca380,A707ET799
b3df199fd36a9e8f,H669KK58
9dbf107c095195c3,M388EH71
44904a1d71b0ddda,E889CM82
35c9d286ad8f62cc,K481TT763
aa001e2b98962397,M755AT65
a7c5ad58dc74ad79,X460OK799
e2126f6f443d9b50,Y006OP23
2aa8e937b776d7ad,C177CT777
ecb99d2b485040f4,M658EP154
39d4ae6ce551f7fe,A033AM774
7ef80e79e366241f,A477TE27
2d0c8e1d7956db2c,A049HB777
1a19cd008b0bde6c,E543MH154
0f06bd96d353e3ff,B001KC03
c5a39e6d0b106046,P989TT34
d14a5b3d1b00b857,H409XA178
b5d9b49d786314ed,O664BH777
bfa7cf720bf8f858,T757XA25
f873e3f9362afe35,O921CM178
54e17facb117450a,E980OB152
ee29636ac4539f14,O888KK102
65bb26772510b3e2,A426TT22
fbf5074727fb0bbe,M630PC178
d44bd20f0085136f,C735MC761
bdd1993adcf313ef,B548XB196
4ed56385e729e38b,M316KB178
049df008076b541f,O009HB39
839587bc3523b804,K818KK61
e031a35132eb0ce7,K382MK147
4429af4fb701a241,T478OE96
b7317b36f3e450c5,C743KX750
ee67fb9a97acfbfb,H030AE797
70f5bbd014607529,M047BE164
3bda5a233890ce46,X300TM98
b78c71234d9d7e09,B912MX28
418b39477c59227b,P635TT55
eeffccc895e61625,B461XA147
8561d52912abdd31,C254OP196
87cfa34d3a036221,H615HT190
85505283ad10b469,C220AM198
14ffbe8779a8fcb9,M528KE198
cb2abaa501cec0bf,B007OK124
cdc9c2db7a3e55b5,M444CE39
de2fcb9205540951,B997AH125
11e0fa8375a9a080,E321CA197
84b391c5c5c26eeb,A823BM22
bf0d8b06dffa0396,M444EM14
dd2d126315d3343d,C992TO198
fa690c51d895f711,C640XE198
61a9253da8bf552f,X135AH98
85c690cdd8b32be1,E378OB178
8f4bebf0f8981831,B557AA196
6b3ba90b7964f81a,C103MH51
2e11edfcb9f2773a,M555MM11
9c8d0c5cd3758002,K277XO82
b987840fb85ae67f,Y510HC125
49c0c6cd4f73085b,M496KM797
e0e0cb86811d00bb,T674KC39
dff97765298427fb,O643AO71
ea4d225894093265,A399XE51
f79dcd2713715996,T586MY750
52673b386580ddf0,H552XY198
94f5bbf27f8a648e,O272TB36
94bf3aae5f460ae7,A763CM198
165f503a322dcf38,K951CH196
64474d4aec720d64,A393HM761
bf3937cb1ca87238,C067HY77
8c9081490cf6e8f1,C794TM70
d543e487c04e6e4f,C231YM198
d5b0cd3e72172caa,C003AM77
774e4c6b059b17a3,C899XC198
ee7b0f8c088f5b45,Y606XY93
e4238ad2fe00eaa6,B175MO67
c0717dfc226b4d29,X003XO74
8e2282e92cc330e6,C357CC64
a6bab2bc4fa2f58b,B920PK799
83cf280af272c19e,T063XC190
e7dff61465d2eee6,B646OM122
2ce0530d9f745315,C322EY178
b2ec33b1586ed4c1,O607YH47
0f977c44cd8e3f7a,B966EO147
cbf3fbb88c4db03a,E324MO198
e2224b0ec9f5acbc,E261KB763
be85bb7545aaabba,P828PP178
fb2387d1c9e98cca,A785PM43
8acf910809f69ade,A943YP164
6a5f3c8eed51b714,B358OT190
22ed7d198098bffa,E172EP70
24e5b08856917e81,Y047KO123
3b3b29f39307cc41,M277TE32
5025f53ef66207f0,B133TX123
ea6a6b9e8777e37a,O759BB68
c2974adf61acf193,T037XY77
71dac74232758c53,P088XO18
c9de079dea168fb6,H004OP58
cc77ec208805d701,E890XX198
98924283b18fc7f1,P113XB199
37ee33f28f8d53a9,T233TX64
6a94a1745c7a1586,A651KX14
1a8fd53a448467ad,P294BH72
3745d09aafe290e2,P480OE11
511a7666a2aef1fc,B572YY190
ccf8b898bacc00f4,E018HB33
a526a6d6fc9fd1fa,T434BB197
1d3b00cfd6c20193,K091ET198
4a92a69a1ada1659,X600XM799
0b59a6532708ac55,M202XT44
a110a2b2d0b3a8da,A271PB198
3bb96500f2ce7720,P050EB50
6d0afa1867eb3b01,B304PO122
ae807803a264bd56,C927TE198
66be4af2964ecd77,A806YB37
a9e98fc58449d91d,B785PK69
a5424d06757011ba,C848PO199
6f5f268543b148d5,T074MX27
ba664d1c22837abb,E082PT799
658dd7391aa7482a,K747CA178
17be2727f458112d,E469EY198
7c845a164b5d52fe,K675BA164
8601f15b3ea3bbe1,H863PM125
6a383088f02247fe,Y555KY54
ce9ce8bae677c862,C161CK96
6de8e64ac0d4ab1e,A760MM51
121a02f330542cb6,B282BB43
646991d31b99e624,B818TP199
68fc99728e71daf8,P645XT55
9ae2a3073b1ce1a2,P323AE138
630b64147d66a3df,H820CO799
7b0200cd91fdd1f7,P868YX36
de89c4d9336bdd51,X096OT98
e6ea25ea9ea1801c,C345AM56
24edffd6afec3065,K101MY125
dec0c8d7aa8ee5ad,K477TT763
f7253e63a80f9815,M118HP178
c2064f98e12f5dfb,O462TX33
1fe27fb23a33ac6f,Y425MB178
71137ac28ca1089e,X409EH33
ba54b9b7feff7dc2,M386TY69
09a615a86b534289,H746PY150
c3f7fd26577f723c,A016AA96
21f6d8e94e103cc0,K007EY75
59c6a0c1c1cc4e3d,M209HM124
513ea50e7d073512,H178BB977
fdc3e7b9662f7229,T542OY178
4c72c85f84a788a9,M400YT64
70881a5e20fa2c55,K229EK164
a644f67cff43f87b,B643YY98
0d915cba254e1565,B446PA198
ecae17b7d32ab4ec,K981TT198
e7fbacf1a76da2bb,T909BP790
cdf161141caf7fd0,O232OH71
13f800cf5cf5aec3,E092BP777
69682bb4f00c0097,M015EB799
94dfcab9092b1717,H648AP550
ff84142ca87fed63,B822HO797
85edf76b5ee96c5e,M890BY193
2ba189ab199fc135,E101EX98
31bab8949ebf625c,E016BX180
e94b77f302956ac5,T333YP750
339b64dd220c54b6,T062KM138
52109f7b40ce74ed,M892PC123
42b0054df27e2b25,E009OE178
9f8de3b53b5ff9b1,K318XK10
69663090932e145d,T200CP124
89ee62c9a2129afd,Y422YY52
461c1b3dc121949f,M478PE65
c3d357e850b6d6d2,H627TM198
db8b41047baa9849,C039OM198
ce4a69523dc82df4,P396HO178
d87399c860c08423,B932EC198
75b2ba8cc054752f,H380CP198
0db7d9dec6882ec7,B205EB774
fcf42439340d381f,O020XY154
ed270f9f080784b7,O754YA69
47356754840155cf,H059XM198
7c272ce9070a8d9f,E001KX77
8a0b2a5de0957115,H800AM46
31b2de9697be0104,K697BC198
f4d042ae00330965,H848MC71
edccc639f1b58214,H555XC198
140a4d756cd98ae2,T722EC31
c877791935a5760f,H660BX70
4c3884c6d92695a0,B215MP26
19279dfed319100f,M847AC797
e8fa024eb19f6470,M913EE34
b30fbcfc9549a962,C252TP22
a4d98640bc2153ec,C636MY178
b41a8802ba950d49,P133CK777
be7ac1a63a0b70cf,T211YC47
0200960b932ac52f,O890TP31
47c9960f42257500,M547PK178
e9300c5dfdc92ea8,K630XX134
3f7b6f9984fee766,K591XO164
03a3ee817d3aaa2f,T191BO64
a9a2758dacc3e179,Y504CK36
196394e57850da4b,K939HP53
77a4cf89d906fe1b,B878EH50
54b37d1dcaa9904d,E912XA13
4fc17e930c6309e2,Y793CY60
9ab1d3bad20b134e,P770BB196
48e1b210d22cbbb7,M602OO27
b10fa662bb893b0a,P387CP39
f6e4c3583648d841,M952OC43
d88f22364232c689,O845KP51
ff670e356ab0fee5,A965OT150
546fe58c4726bf96,M045EE124
95d87642271903ad,K484AK57
6018af48faae98e9,P662MH178
b951c590a67f4b0a,X772HP31
6440d71d9378821b,B182HK198
a79f78c2469c648a,Y757BC07
cb36b197cf13b588,K722MP761
363a97c04dda02e1,B036MY27
acd015cb656f9470,M805OB22
958be78388809c7e,C523OE174
d30e66025432215a,A173AP37
8ba582710c42430d,B043MC198
4b39fb93bf4e0927,A252KH45
d5faf04f732bce02,K368XM198
873e22853fac2a1a,O566BX98
3ec30b4b0c731cfb,K342BO122
fe28dce418f96cf7,Y423OC178
aa0d98ed3f6b406d,Y733EY31
78f4218e1f5847ab,B090KH125
e3e9e361c1968d23,C782CA198
892b6144cf35dff0,O719KC31
54fbca9b449b6a98,C745AK198
2d5685062cc14631,K588OA178
529a09ae80909f4a,E873OP76
5501279f386334ea,E889XB198
29d34f1dfcf607a0,M007AK750
5aefa6d4f10aabcb,E003KX159
0353c457a0040c51,C824KY197
6f3f69f30738c67d,O753HT178
490c266517402570,A832AO142
82cdf7270769485a,B487HM178
1d0c87ba2cdf2e09,E972MK702
dc4b1ca0ceb5e780,E009KX05
fb0b3ca012d87062,A060EC78
74ff699f8f359d67,A010MK51
995f8b0dd27f30c4,X618OB190
4598d4c322326f7a,C935TH72
0d4d5d201326a391,M914YX31
61657d8402532232,B568HC147
d650547df17e8604,B189CP24
525b70e3ed1050bc,H366XC75
0624434f74cd41b1,O623XK36
5cf4d84ace18f1fc,O169AO134
7d77b2433b6863dd,T260OC161
422027b9591b7888,Y218PC62
81dda45a050d3d9d,X600XP56
74a65b4a4d6d7ded,X341BM197
3a695350d8e8896a,K010CC198
c3ed981d7b669b78,M555EM19
f78e35e2e8c33799,H719OX31
0754b211a1e54227,E004CP750
7b85d2ff212e43d7,K361HO53
b9df49f483033454,X900KC178
d7cd22e8a9f13786,O578BH46
148dd899509acc4b,B652EX25
b1904de7a5b06d53,M981EY75
18564b1aea563220,O285MC174
76da2a0de0316889,M052XM31
f9fc70b97fea5a29,X402KP125
7e72a9c44f8a0e07,K051KH51
abda7b7371ba3cd4,M222TP198
0e11aa3d925e8181,X692EC124
165a07cdd0a0aac5,X259AK31
85d0388e31baea36,H536PB68
e2bb13b625fe2543,C044AE73
1434c026ca53115c,K662KO198
b00c4c9e75f56320,T764YB790
786cf03b8ab1cf64,A304EA37
ffdab76d3e777688,B061BX82
5124a0b13a09ae35,O750AT44
acc9ce94e591ca2c,M301KO177
c11422b55578349c,Y778EB197
5be2c5e43775fab1,T401MX51
9da7a28d20c0e4cb,E091BT19
18f4c43170edac4a,P604YM36
fcaaa1badbef6a55,B789PK125
9fa3984e9ea9b6e8,C186HK14
31826e4a5ce2b5fa,X869YY74
bb9c6c4ec5be72d3,K839BM57
8b128f0727bed5cb,K007XP77
68b4b190c0b1a959,M321AC177
ab1ed380ab7723ea,E888HO43
42ff99d814e34d74,X877XT98
9865e9fe9cff959f,Y221BK180
b3e8d18fd81f3d58,A497TX178
d525e0326a4cabb6,K914AE550
9ee3ba8b832ad3ad,O001YC54
daf155fcd0f3105a,O862PT05
aa5a0a39c5bc6890,B205AX198
20cd55591acfd081,C247BT198
29000b24b144d295,M278ME98
a7603d3d00e0325f,C389EB125
5b5968bc662a131c,T763XB178
9fee83135ee732cf,C013AT178
94a1542a6d707280,Y284YH116
15ad6e20cb66d6e6,O112AB977
2fcd4f991a58f068,O029TH161
d38e1538d3f2d75d,P382TP196
1a4dbb73a7ed0db2,O782OK11
09ad0e9c72211b7f,K187CT196
03b2a0e103507f2c,A854EY17
09b2962f19b20498,X278XT178
a69a99150fa55c36,O808OK68
c8a29cae019aa7ca,C775MH69
e6cc9579f54fabc9,M665KB177
2c6ad8f099e6d1dc,A350MY197
9b3301d0c8fd28f5,K010XO198
5a350babe99d3b88,P307PA66
8becfd91a958ff34,C261CY27
84ec2046ee2798a1,P007CA93
70865f8613c9d4f8,O368PC797
17c95d8e2d1dafd2,T073CB163
22106630cefbab0c,T941XH178
a677016039f160c9,O045AK777
5266510632b8fc88,H482AT178
37fc6184298e9c34,P391AC125
b41dbd696db3ab4f,P228EH178
58e5380fe3e930f1,T368MK47
694a2bb1cd827439,K201PH750
6ab5f1cd6c43defc,Y931YP22
62b30e9235715a03,A398AH172
e6889beb6f244296,X290CY18
880b6c69ba1bc89f,P602CY98
26a4910e48b31504,O590KA777
6d90605061843acc,T950HY152
12842f7b1f3080ac,K380TX98
e4827a16f973b7f4,Y181AT05
a6561ad18f7887ee,M431CO198
8a785df33b986824,M141MB14
9268a6e4e9b173b8,B652CC147
47ca24fecb45763e,X069XP36
b675c9ecbb6fc9d4,H572HY198
af0bec50587cabb6,O310YA198
55d491d432298b2f,H150KC44
2695236aee7b21c0,A603KO198
701d4e7c580d6e60,P977TE22
eb9a9140c25aeb66,P042HT198
37420008da6aeef5,X336YK178
5fb3e8122c26d391,A101TT164
ef7e41869da1a66e,X160HO76
f6d31a8089d1e081,X018MT116
a3d1c1f636e8c1ff,O494KX125
d8e3c6a224c44e36,H008TP11
8ea64d75f3931c7d,E494PH31
3d45b59ac747a56e,M570YP71
e4a9dc41215955d9,Y704XM777
d1cc0a511274e261,O965ME44
733e252ae994c875,H481YE198
a73be19884ff4489,H772TY163
dac3024490dbedb2,E850BM53
d5551e70acc98113,P606PY60
8e05885771a961ce,X049XX77
02b326fe0ea901d6,B625BP124
dd1cf50b5fefe0f1,M919AX163
81e70c077e86b082,H407HH154
ca8a18f3f25ec9e0,C204KC123
dbc092ed1abfe6cd,A986OB155
e36e49053775beff,E888OP21
e45b15a130423e18,H987HO14
8c249b6bed419c3a,K395XC161
23a41ad788472220,H732BT31
8fc75e36ebf7f6d8,K672PY147
f1fa9b5b48232073,K545AK01
8f778d64d3197465,M859MT33
cb5eb15a8a36d2af,A194AC172
df66de2abdd5c9d8,X283KY60
4bf292d96283913f,Y070PB123
a71c560ab8d19182,C752PE53
e4291e26ec2a2ac9,Y358TH790
8b522ef050086061,Y805PO98
1cec09c17a3bb48a,P918AA178
ee75146548b03645,T376MY193
4a903ab6f72cd63e,K690KO67
0d8b986f6861f08e,K835EE977
69642a38359e5fc5,B993PH198
bb81d1e0e4bb6966,Y077TM193
1ddb130ce6001f94,O648OO47
64c7ad2cf304dafe,T848YO76
95e9d9e17a249a99,A038TT43
a988098717ad74ed,H271MB777
f3bf8913e3e2631b,C355KA62
a84d6bd26af45fd5,M293CA67
3717d88796256138,B756CO198
aba1abcd6f64fedc,K515XO178
cf2d5194e58600a4,H345CC198
d00c7b5baf0ac1e5,O255CE799
d0a5038dfdd8874f,E565EE159
35d94a28dd94cbf3,B357OO199
46c243747e1ce310,A715PT116
66a906fd25bb9f2d,O180XB70
66a72518ec8bf6e2,K795CO198
4ee82855993ab648,B571OY198
96ecf940810508fd,T220YC61
a173f5ec34bdecc6,P707YP02
9461c54079d82414,T671OH178
e650807cdc181187,E660EB01
234e608a596f088a,C752KA79
25553b4902f6d35d,A438KO41
3eac65121c47ec13,T870KK98
670e0ccc5d3c2ea0,X344MX30
5d868f1ac7e0ff0c,C534KX161
c9017548c3f308bc,M463OC48
d425423f45cb598d,C706HY138
57dca93ee0898e5a,O883XB46
5b1b456ca02cccf9,E261KP14
fe53de7573bde114,P331TB96
cab0672af5a3c123,P594CP197
1650dd4eda8b6f26,E758CX777
bfb4626fbdc3b649,O557TM152
1d16849753b20612,A051MB198
c448a0adf68814fd,E414CT150
c6dd9889048768cc,P717YY198
28680649cb4d93f1,C526CH178
e1297c8448b93a7d,E255EP180
1966f5a348f63b0e,B676CY65
dc60cefbab067856,O680HH40
7929d1541ac05df8,C705CM76
09b397ad8467be6b,P432BO190
1ab911a1e6195422,Y781MA777
23aebbb558ac2805,K836KB125
c1a4ce063fc9c8d7,B844EE147
f1fee3384f5f4d18,T332MO98
fe8f3cff0cf76166,Y929EE64
5d801600e7a17da9,K009BC18
126044a7b0d8a668,T001OH97
5dfc68d343d5fede,O562TK36
8ab6e15d05d85945,E099CC22
a65b21864dbb46ed,H331YB31
bd2777e9b6b413a9,A777XC156
32438d6c81dd63eb,H400YH11
a53726a6c022e073,X089KO64
5219d56039524629,E071YH161
c01e33fda86b32d4,O131KH196
77a35969be59a888,T285OA178
dc58424874caa281,T216PO93
f799dcae491cb70f,X246TE98
027e1840809d6611,M717MA797
d04109e9e470c70f,P179MB25
3e0dd82dcc8b55d6,T129BC190
e34a67a1528937df,T697OB98
e4e7522e3ad744a1,T586MY199
5568a6b77639cfea,A005AT156
bebe1fbf9b5a1c05,M004MX198
dd2604a8dfb1d207,P880YC198
5c3348a856cf37dd,P151HH198
b441ecf4d54bf8d0,M010KC199
fbebea88088827aa,T817PO78
5328c9ba64fc48e8,P451PA159
1bb3f1743f421a46,H523KC134
0b5e5490607902fe,K184PE763
d081f9cf6072982d,X626CK64
55a834e4114cda85,P200PY102
cc3f3b15e479a5e0,P373OC790
cd3656506770d8ed,P772OC11
fd6b6806f05d256f,H222TT34
10065108a94db3f1,K075KO99
bd3c8234b0be66f7,M509AY774
e6ff29bfa89bfde5,M589PC72
76a84022c410044f,H352CB40
787fa3f11496cee6,P308HY777
d7d246a0d025b52d,T432HP71
b2baaf1309c95945,T300KH190
1111f4e84252e542,E776YK198
9735824f73c87687,Y901XY125
80857e0b1ec19c56,M774OY75
ca2def37f5e0d6fd,X007OA38
1dee9312996d201c,P754OK46
4185a2c3ac903d14,P266CH154
28ca6b041fc9f725,T878BE797
db765a28932bcee7,X118TA197
0564781d52c0ed11,A473TB22
4912780c0fb7defd,M030TK90
1c66d2b1e756b3d9,E840KX97
2180e7d52b7a6e3f,H113TP96
49af1a61a1266a6b,B206YP164
8f58323db7b51350,X001EM45
2dde6143d242b71e,T473MO47
3c0351fafa838e09,Y758MP136
dd322103335af3b0,A163MX777
d73b2af74bb10cd7,E303CK08
3829c6496f9bdd15,A508HM155
ee0e266c76eb4581,H348XE190
ae4e581462f4d602,P184MO40
38691db6d6fc6517,T986XY125
0234b2e153d1fb14,C146OO154
03a58663af05bef7,P396OC790
88c39338e684b997,H938MM51
48dc097ca494869c,Y513PC797
4f571a3382f811a0,O401BX198
faf47bcc135b2538,Y614CT72
78fc84231f9a113b,P038BO198
04ba5f4ca0f8296d,H399KC134
129d0ab182f6e98a,E422KA199
fa521a9af1f64087,T019HP750
e1642751005b1ccf,M872HP123
f2a25761b6c13ffc,C921PO178
5799f56e101a3ec4,P870OO152
699f7684c9a97134,A658CY198
75694b23a8eb4adb,C392TY178
7979e06e4eba0668,O388HC98
fc687c2108dad8ed,B660OO797
300f72b95a73f486,K282OK75
952ff32e0c63c4b1,C025YT86
5a243080d185fe8e,C803EH154
05afe0f65aff91ee,O557HM124
e7363e00a2fcb4ed,H090HX58
f106d3797111667c,B036MH198
41999ad348aee61b,B404XH64
4c2cd56621d29fe0,X133PO178
35b47d2e26ed1631,O813BB198
ae9d689b65be070b,H572HY
cc92aa3f75899a17,H686EK96
1193e820021376fd,H787MM30
de86687b51b964e6,Y019HO30
2596303dfed6beee,E110ME178
678766229b7e4996,A851KA37
947f328417e03cc7,C117TT199
