image_name,prediction_region_length_2,prediction_region_length_3
00bd9a9445b340db,MO45HEX3,MO45MEYX8
0b40f8f23cdc1070,Y42YKY80,9606AO180
0a9bf7414fe9e94c,H574Y494,4514O11X4
0a013e5115595207,15E52425,133324122
0b980f00146f21be,EE33424Y,T5235464P
1bdd3db4dadb40d8,44449141,12444Y641
1bf83befa3c5fabe,55223236,534352456
0d0f826d0b57b83d,655E4436,455844T35
0e0e536b36bb2e8e,EE23E25Y,E5324353Y
0e2ed58d2e7c5d93,342T4271,54214C441
0e476c69499defde,71454452,7E2244752
0fa353d9919dc1f8,4222H233,43533E333
1c160c92556ae1fd,E007TT66,E0H71T486
1d5aebbe5d629802,8O97YE38,BO97YET38
1c7bd223743f102d,4115H434,41H5ABK51
1cb78e67f0bc535a,833EHM3T,5331TA58T
1cecb4a03d3d22d6,31332135,372312712
1cf89bbeee197696,K157MX70,K1E7MM170
1cf7103fdc5edead,222EY277,222100777
1d5caeaa81a3b2b4,42EC40P1,H2E6OHB11
2b8a73a04a1a6aee,3964443T,434144XCX
1da8823c18175c4b,209KC198,CT5M4TT98
1feab86befbc13ac,H4O24156,H4O9YCT35
1fbf38660f6b2b16,73572882,7357E3122
1ffe5efa9dc39b4b,X8O8K462,2888T2T52
02a2e67aceeed8c3,488E5T34,3888E9T34
2b163d15d7f2a44d,4O6O4O4P,444424T4T
03de361cdec89540,X1XYHM4M,O1081ME3M
2cbbbe90a3f49c77,44441TY5,4O444Y334
3a5c5e99685b9adf,E9341H78,E934PB178
2d5ec8709f7de9ab,14664411,1444P4121
2d91b283c2800efa,63552219,635344C39
2fa5b2d8329ec3be,T133A162,T1598A242
2e7a773f9468cbe5,4H2Y1177,E14YCT777
3a8849109ed2fa2a,63164239,313344T22
3d9f9015ea90cc5f,3864CH99,5264K13X7
3a018f91b441b78a,8978YO73,6333Y4T37
3ac4c7cc99e49345,T3644447,T3314C447
3b95b4ae66f4a110,31O11H77,3192HH777
3ad86fa6a9864fcc,T4945479,1494T9T74
3c531b98b07acf36,1446E134,244514344
3d32384103e495aa,459PXT98,E59HYCHY8
4d52cbf345928242,6352AH34,633524T34
4a9d0b42d40d95ab,H5281E77,H528PE777
4ebc03565a7543bd,C444HC4O,C45OMK44P
3f4a9bada73883d4,TE5E443E,T33349T3E
4c911045162e9fc8,H52CY0C6,H856EYB41
4b484f4f101b3a91,P3324297,T33OYO197
4d6aebf6505c1265,M5861032,1386M1E51
4f83071450ca5d32,E216T2T8,E213TO178
5a4f861823b93790,YT9AYE99,Y191XE799
4ecc7c71d9d62924,43344414,417444114
4f6a4bc31d3fa179,OOO14125,OO81EO124
4fa29dc62b00d333,C937PY33,C937T2H97
05dc7a30fa2475c6,YP1HYT98,HT9HEMT98
5a0b0d47372d5326,5554446H,Y445EO66H
5bfe7be33aad9877,K423B126,K442TT222
5f097896269fbc16,C694HYOT,C3394A2OT
5c28c12287bc835f,O45C1M94,945OTM721
5cdef7283e74a1e0,X862CY47,X8623OT47
5eddb6142dba8de2,C4CYCH86,O643YT686
5f1bba3f9e247e0d,O46E4193,O4944Y193
5f874c763d03b418,44444441,444444441
6a11a94d9bdaadae,68255333,352222333
6e10e77cac5c2765,H234MM58,H135MM198
07f8bcc42c56206c,C4O0OM98,C9OOKM198
6ad42be06b1b2f07,9535111T,441544117
6a540af465322208,4O15OP3O,45154PC3O
6dcd82b47d1d678a,OO25A49O,CC23YYK52
6f6c5b48ce65a137,P25HHT54,4251BP154
6afb8a6d00deddeb,677751TT,617712777
7a16862e26f0c5b7,4136EO44,4455EO4H4
7bf33a7a8aae4007,T69YTT93,149411PX3
7ad00018cb25af70,X555HX5E,533X2M38E
7b4c7053751b0485,49444441,44444E54T
7cca870fed7928b7,E608CT28,E608CTT28
7b70ed516e807d44,C7O7MM57,C7O7YH757
7bd02e71e68bf6a9,YHMYEH96,AMO2CE196
7bdd828e07cf36c5,483E80HH,H333M8HHM
7c10478f34975222,X936XC9P,X9332C1A1
8a14027f49ee2f76,AYY1O1H1,H9110C161
7ccacb55ae7b415b,E897H476,E897TB134
7f9833256ffc9083,O94Y4T34,O92OAB134
7e0c7035ca460580,22424411,214224111
7fb9c72c2b701546,M9664YH3,M966PO163
8a32aad3a3043ab1,A2E444P2,42544C1P4
8abae8e4a1e13ab5,C332EH78,CO53C1T78
8df5a3cb6f1d9deb,44444444,44442O441
8f271ea8197872d3,11244441,H13544211
8b3f782f96fdec26,M454YA42,M454P1T42
8c22e238591e01b7,T3C94454,144944T44
8b91a866b91568b1,CE44HH78,O157AH178
8cb92c31f7f95cbe,44P41T71,14TP2TT71
8d0bae36cfd8ad03,H033CMHM,H033KYHH4
9c684b1f87bc5444,2342O234,C44244134
9efa5ec7355d423d,BOO9OO64,8OO92OT22
9b4db9f495d29073,4424P141,444194111
9a6c119ca23bd545,E5211TCT,T596PTT7T
9b903c878d3284de,33222433,33339KT23
9ec81cc6876415bd,44242211,247242141
09e0b7b7e7db3ae1,8EE5CHCC,8EEE48P22
9f025ceeebcf4869,Y4444O14,24Y4O4744
20d6838bee88f6e3,EOTT4Y84,EO77YH164
10bcf732fbcf3f00,A22O4M99,A772XM797
20e45c32e5cf3494,1O93MO11,1O934X617
15ac4080a243b51b,555E4241,H55E44631
15e2273343b3790e,44E54411,444444141
19fe09ab26a5f591,33332433,313321132
20b9e3c717a66bc2,4XOOC441,416C44441
23c47883dbabf359,Y24H1134,C634ET30P
27eabc93f795e399,44335764,445447444
21ce4b3048adc85c,OO59A459,47554YT54
24ba7afe62443155,T5C7M4E2,1587ABT11
24da583213f82c38,292CA154,29264TE54
25d8e84ade01619c,AE59E831,H235H8731
26c9034229a097d7,O029MY27,O029MM427
28c1e8bc15a8eb12,4651AH54,4454H4T54
37d667e0c693792f,22244411,E42442111
32d998b74ed9daff,25244444,224244144
32a265845af320b8,33334H52,333354E55
32ee535199a5fdd7,54545137,545544537
38ee2e23d170d8b7,O988OT18,O988XTTP8
36ef5c4827f16a8b,42244447,52254O547
37d20e8361b97c5e,45444241,P4444C441
040eeee6db6f6328,677THHTO,K1TTTA1TO
50d03d9ccf8d1863,42OO4434,426824134
040ec358cddeb50a,44524447,444424T47
40e56b68dfed7e67,24224441,C42424141
46ddefa52e946844,22264466,C92224756
47d0f7130bec77b6,9212447T,5215Y477T
47f7b41386550b57,E428TP17,E44YYH420
52c946d8a107c49b,O2YE4T42,O981EA142
59ca76695867003a,T4221797,A962BT797
52e71c909ec60350,T1312117,T4312213T
61ca2effe2206df6,ECYYE413,14OO4E7T3
53e8c847c4769baa,4EE5E43E,HT3E34E3T
55dd4db628cf587f,45455OOO,4E4349COO
59ad2bbb14f99e87,A547CB74,A54744T74
59b059f6c9e394ca,4C364458,423344398
065e0d27e6ee7bf0,K5O3HO31,X385HK331
67ce0aba1886baa4,P8OO2141,28OOBP141
64e5fa6c0bd3011f,4544416T,45555456T
61f5ecacc15a3531,1222206X,022734Y5X
62d8cad8ee68db3e,E233EYC2,5231MYP31
62cc00cb5507931b,45644444,44444Y444
67bb0aea4e300fe2,C5524428,333345128
68daaebf33cd547e,P91P1114,P44111114
84e2882a9bcba6a1,44644442,444444442
85a34019bf260664,42784H31,477344T31
70f84ba1b89f7d2c,P441TM54,T444TE754
71fae32c12c846bd,O507PH32,O507T1T32
75af2eb392e53e99,8E3E1E3B,83338833B
77a7be0a94053805,H4444441,H44448651
083a9746c7a34929,H3T21298,H313TT158
95e3740b6ac0c54d,454TO4T7,Y341447T7
96bb13c24d6f623c,19444177,P411PYT47
90fce81a45925fc8,2444T44H,3444OT64H
091ab184d88f62dc,P253HY69,P253HMH69
91b3c517ff942c74,4H4EEHP8,CT48BT198
92e7734355a94ab1,19O5HH2P,14O514T2P
95fda73e522b1d8e,A156EH49,41E6HHT44
98fc25aa305c9139,H3T54E38,T315XE138
197be7a3b6d9467b,452O4Y44,432O44141
99d29c681b0a46a9,8O1EMH93,8TYH4ME33
101b86bbe7a357fc,14421P91,T4424TT81
144e9a28c721cd0d,Y89OXE9O,Y555Y5334
182a447b490ad1cf,C143OE89,C1332ET99
184d420f1abf4f2b,52244431,522544637
211e04c5d9ca4aec,P4544H24,4454OH444
396eac396ec1d97d,C3534499,C3534Y199
212eb16912f9ec7d,5C242744,544445444
403a8b92e2914e31,BOO1O459,6OO1XK159
237deea3e0622632,A698O8YX,4398KYTPK
264d6be95b557ac9,49224231,495546T31
269cedb199107c2a,E6243H23,3651E3123
389dfec6bcca3649,353EYA33,3555H4633
545bc6504ba210b3,24444141,244444441
671e943aa16b9429,44425344,442EEE554
463e96d232b55599,A794OO3C,A294YOBPC
562c875ac9b84180,23324452,3632HHT42
575f4b56be6c3a5c,48824441,48882O671
625cbe766dce8f72,K8M8MYH4,HH008P364
658c822b20acb10e,5955YA7T,59574YT3T
725b01b177fc65c0,33324222,333324322
879b772f8bd0b5d4,A9OCY4O2,49O2OC1O2
681f9fb9277b489e,45424429,4444O4145
743d7c948305290d,X729KK19,272OMMTP9
754e50b213f4ac35,M4358178,M435BP176
777c9845d974335b,43354431,H34E44353
884c9a4fc609627b,44444164,444494366
849dc895045ae420,8845O117,E848AOTT7
987fa7d46a284a11,H500PX55,H500H2H55
913c98755cd2276d,4553YYY4,4162YOCO4
2262d5e935a988f5,H333T442,H22CP2442
937e135121b2d4af,75344474,743344771
940bd19577bdcdf0,M7291177,A778PP777
0943dcee41f0b36e,42134MXA,E7134MXMT
1588f30614fc7eaa,T22YOA42,T52447644
3009b9795559ea30,M2OOCY4C,42OOMOE6C
4070de1702c6c68c,YTT9MMTT,M779YY77T
2346fd05585f5168,4E2EEE21,H8425E421
2716d71af46d74d6,155OEH4H,E455E4217
2657dce21f74675c,A33EAH33,83524H333
3543dcc86c7967d6,3383A144,333344534
3624e8745bd9deac,AOO5TY5P,44O511T7P
4392fbfdf111ee7c,H5724499,H573AO198
6657b3726869cb0e,44964CY2,4498AOX42
6704f741d5ba1f6c,6645141E,664414115
5064eebca9907ea2,6543O454,55134444T
05108ba71fe6e786,E7442099,47434X17P
5181ad73a56f7767,25224435,252544724
5356f0bf95b2976d,C4224133,K422ECH53
5954ac3488ea43a9,H786TE44,42432TT34
8426f0b91be97c6e,44322444,443524441
9114d884e53e7454,432EYT38,222221P38
7078e26d9f498bff,E3142453,E5EE44583
7437dda99ff80d30,36332333,163355333
7468e74a3a478130,33352422,313342422
7888a90b77e35c55,A5Y8BH9Y,A5O8EX29Y
8675a2eb8e28cb55,C224HT98,K224AK198
9157a2bc75167d04,A333OM53,A37BHO33T
25119b2af369b7ff,985AAM63,5859EMX30
9475ab1f8166e65d,CT971M59,C185KM799
9834c896d0faee87,22222177,C22244777
9938a42d882fe93f,E5OOCM16,E5OOMYEE4
25604b2076a5a53b,T727O277,T1724C3T7
22860e54d53bd1ec,562E4M76,5629BHT46
23759bfaa5e709a3,E5531H78,E553TT178
50875a65a4341f55,E8O32199,T883EYT99
63119e1bb69d364b,54554C8H,5425YY38H
27826c9a4679145e,43344442,244269412
28037dfa8bd8ab0e,C62YPT74,CE4211T74
34328b71c763576d,41444477,444144717
51494e7ce8adb5b3,819BB180,5M9EEMH80
55500fb7bfa6dca0,E33EMM47,E365BME42
63150a31313aabac,T463PH76,T463HHT76
141366fc62daa957,O7C2O197,O767XC192
87001d8e698f9885,4838AA99,44484Y19O
328510b707d03685,HT3EHH78,A003EHT78
88149a1a044f0009,4444CYO1,O555XOAY1
89041a6ce88408af,4788E411,4438E9711
90537af2842b483b,O989AA98,O98O2Y1X7
99446ebc2bdf60da,M777BCM6,MT71EK116
838725c7e14ac169,T1TTTO43,T2TTTM143
983108a136b018cc,CT9OTE34,C790TEHY4
403968f94c34b97f,6O322C22,4O32PX122
508337afee4e2362,484E4431,434344451
764998dfa0860f71,C555AYYC,4553YYX32
780873d6380fbdde,H69HCY99,H691AO799
900762aae8b7c59e,O718HM98,O718HY198
1471827bd6afdc35,P124P899,PY7414T99
30569077aa6bd77c,Y955MY14,Y955MATY4
2928053d5e1726a6,24444241,P42744611
3183835c4ac51583,03522131,03839447T
3870360fb0666fa0,5533OE41,534549514
4957706c6cb70643,H52EBP74,M222ET774
33123372dca5cd4b,K97OPC64,K976TX164
05968977eb22c3fa,MMYHMT77,M981MA777
54176229cc04a159,C039AHT8,C039AAM78
0408651257afefc8,65454452,E515A453A
059637929dece727,H1TTYPYO,Y4EH451EO
65600904df6515da,11144144,111944441
060513758a8d6ab1,M536YCT2,MT262Y432
172068519ddf6e79,T344HT3T,3364BH53T
218522140e6b14a9,E4524C64,545244444
664985185fb768aa,A65OAKM8,A65C0M458
a4ba084f7e2318fb,44442444,444222444
a5e07825777b6d77,HO4H5028,H841EC660
67489135842c2c6d,Y5544C61,Y59O44563
816578559381902f,T147XB1X,T14T20TH0
3143529856871124,C1OYM471,51OOP457T
a0bef04feee3fec2,M4444HP5,MP44AA125
a3c45678bba9501c,M111EA64,MPPTH7164
a9c60103822cf707,H234404H,H4264464H
a13c4522c5b4ba78,533353E6,5333533EH
a07ee4f50eec9704,H1543044,H434AEY44
a6f2722513e5f929,CTTMCMB8,K111XOM98
a7f9d31d12e22eb8,428YHT61,E238MTH4T
a9a97bfdbfaf9e6e,EO47OT84,E8432YT34
a9ca2653f1023b40,422HXH22,822TMMM22
a40d197eab28a688,H2244Y7T,H224B871C
a596acf4a57d1d1d,C95YT212,C8531K123
a045fe7fb90a5f8f,C527AH96,C5271MH96
a941cb25b1be4aa1,O0O9MC98,O009HHT98
a52c004aaf471955,H3E24H64,H682EH161
a77dffb0eba3a8a1,MOO1MO3E,4T8MHOT4E
a97f834604042fc5,Y277AX76,Y2771M176
a0415e55ddc50c4c,43E34A71,3133AAT31
a73037cb241a09c8,EP64KP56,E146T1736
ab211c40615f6ea0,A821PPY1,4621ET111
a37355bdf6713c6b,A1EXEH78,A715YET78
a16728061280eb8f,A277EOY4,4227T42Y4
aa4b4e8d353524de,H8M38P66,HH815B168
aa4cfb971f994e97,CT96TEH8,K796OE198
aa510d77acb8b1bd,4445O144,O44544444
ab4059c40d648639,K138OM63,K138KA163
acb27e0fcce7b3d3,24444498,2452CC198
abce493b157e3974,43OO249O,H388EX19T
ad80e4c402166c99,462EE477,P44444117
ac9f93d1fe2d32a0,H4183291,3223BO24Y
ac7ea2e2ec3a43b2,YY8HYH50,Y818AY750
ac2989f93c113f15,443444X1,22222O711
acb0c4b5742eaa7d,E594B45E,E584EYT52
b4da91a128d8f864,49524233,H3535453H
ae1e2057ac159996,66544O4H,C3334OEH0
aeb265580de96c84,8O3Y1T98,BO53AT198
b0d0632cdb50c2d8,4E28B498,4358BY198
b5e0fa67a34f083b,C1249194,412744144
addb9582eff18ee8,42222176,41224O776
b6a5b4beace7ebc0,O358AO47,O3584YT27
b337d734ce4db816,484C2477,442422777
b8e12f85f311e7fb,E5525425,33222C225
b8f1b036b539f053,C755446Y,C353Y4554
b0734f0c0cce41bc,H9OOYCH2,H9MXTM142
b27d69969c53fe39,E823HTT8,E823MH178
b9e7a4b7776f848e,47O55H99,7455E3T98
b51d173f836d50db,515E5470,615EEE7P0
ba8bcae0a9b3d93c,B8369H38,B833OTH98
bbe2f42d1cf95c1c,4454E144,4352E4E44
b6263f12399d674f,H914MP6K,H5191T93E
b946aaa463e23f0f,52514257,E23244T47
ba82bb138f5a8a1c,M78MMH77,M780MHT77
ba602aa2e2a9cb4a,484PAO98,484O44298
bb2effe1f7360bd1,B4OYH14C,81OOEPE4C
bbe441a785fac600,436O4Y52,333C4Y052
be7bbcc47247d570,E28OXP7C,E28OPHT7C
be22a10a69a2af23,63CE2554,E3C3CC554
bc2a1ed10e89b73f,442C4241,4424C4441
bc33b6844c428a41,Y794BP67,Y7941H167
bcf95c3e7ba56bf9,2844Y441,24442O141
bc44a89a75668ac1,A224O177,A117POT77
bddc5e0d5ee07ef3,O34OO1P8,O340OPM98
bf12378824c8ce31,P5934T41,24444134T
c02f3e8b60161c4e,25524T34,2559O4334
bede6f0e36fc3149,2232H777,2234AA777
bedf1c0b897c66ab,H444HH66,H444H24E6
bf6b145d3fc75c88,P328O494,442824T32
bf8add15b6157ab9,M664AT78,M6664MT78
c0ef4f7cfb820bad,55555257,E43536547
c3a3c31c12045819,P228YX71,P228YXT71
c7e43077fe208dc0,O162YH32,O162442Y4
c3d3fde0bcf2a301,2444444T,E4244444T
c4ceb317e677bd3b,AO27KE34,442714T74
c5f445b5932bb620,45254M53,2534OHT73
c6a34d5d14d3ed27,43514441,E42124567
c17e1b5393b3afa2,H4OCHO32,H4O2MPH32
c9f18b16cfa6e1da,E81841X7,H3T8OATX7
c39c5d50053657d8,O2O5OC6O,O2O5XXEXY
c390d0fba2f4bfd9,44444444,444444344
c42dee48284ba9d0,E157HH74,51571HT44
c65a8e87e9de2736,E552EEE6,3556AB556
c99f233a78e24a44,66YHC198,B631KCHY8
c69f17747dc537cb,4135414H,4453E444P
c35c22aa7eb410a7,E123EE64,E1221TT44
c95278b4afa5b219,O364444P,6263H4381
cff9adfe7a429dc1,H445444H,H448OO34H
d03e743ebbd38d9e,494C4311,492COCC21
c701845927993686,44444144,444441444
cb4e3e753867c2e0,E45O4444,E4494E447
ca97374422cd4fcf,A322H1P8,A522TEH98
cc8a983ef0eb4ea7,44222254,48C4C2554
cf6b3d8a35883f33,H4444231,HE4440731
d3b9b2994d64c8bd,E7384412,E768KA972
d3bd0510738b3f21,M405CT18,M483O2T38
d7e8a37f78ad5e01,H246HH63,H14640663
d9b11a7497924ae1,53566M78,H2334HT78
d48c0b1a62fd8aa8,E498BP98,E498H8198
d80f70e7e3c0605d,CTTT4Y53,O111EOT3T
d0505b32158e9d22,48OO4441,446O14177
d593de1b339064e8,3336CH88,313353T88
d813cc239316555c,M47T4T99,4471TM199
d02520f68581c6eb,2174E176,Y27464P7C
d22f4c92c32de129,E8724T43,333121T13
da640afb952ebc7a,E154OH9T,E15OKOT5T
d92341ba7920755d,4868O481,24482Y55T
d76514df5b79104a,C810MP38,C8MTMM758
d99782e026c9e713,C432HOH2,K4324HTE3
d545170a4f1daa55,49743477,53225O737
d14460463d86aa2f,424O4492,422O44464
daf4c9261ce1117b,3355E471,4455EE571
ddf389f42b28be96,E2CC4M56,E222EA15C
dbbf2c649dbc65ce,K4244177,4447BY777
dc9d717463a9bdc5,O2C74266,91C25215X
dcc64e267e5235a3,E333EK22,333333T22
dda7605d20724523,52554255,5O55O5755
ddd43374cbaa2631,MH2MAHE4,M009YAM54
ddfb18dd85ce4c57,E111TMT3,T2271M4O3
dfbfa7611e9f3c55,H4T41E98,H314YE198
e0e8203fdf29ef4f,O3O9OA98,62393YT98
df8d521b4f80db69,A5EC3T3P,34363ET31
de037a4232bf58a7,O34E1T42,O3545A142
df2102048adfea40,Y49Y4M9O,Y499CM79O
e0b6afd4b31faf58,9555OHX7,95559HK37
de378709174d15bc,E33211T1,T33344T32
e4c7f4191ec6ebb2,42254951,122429711
e51d5e1ac3b9dd69,Y99Y91XP,XO49YOTY0
e61a10aff5431d8e,H13OTO34,HPE8TOT34
e4e8f925544e9dce,49335T54,491343544
e8afda801c808b9f,5E544234,554542234
e9b6da5d3a0f5c86,3164A512,313144372
e18aeb6fe6c0b264,46671174,438OMT734
e255d6edcecc7537,B936E437,39653T367
e563b14ecbf17189,28224A24,2322E4T51
e771c11358a1b084,O2O3ME71,42C44M1PP
e51212fe7ade4451,63O542B0,K26EO5T87
eaaae2a622424859,414T4131,41115E731
ed651bde8e165757,EE4EE247,E45124E41
e273145c390b3e20,O463O153,99O93YT77
eb9acd7a2f6a5ec0,P4K4OM90,P412OC790
ed0a25dd8ec37c6f,H3OHHH5C,H3OOHBH20
ed11d065ec93bc51,543AMY84,E243MXM64
ee3eee8f3c9baaf9,456TH232,4581TBC8A
f29bb33d1230bc05,O725OM99,O725OM199
edd51d4f2192b0b2,1HMHMT99,MT00BT199
effdc71495e3102d,B786ME3P,B186461E1
f2c7c9d0e938d451,C87H7M97,C874EA797
f4ccd07f3fce413d,X84OBXYY,X846H9141
f48d32133e67e78e,Y7857M7B,Y785CA178
f2330cd87c86cd92,H1288138,H1283EE58
f53d567ea1c0f957,592E4354,59554Y564
f6728ebe7bb834c3,969ECT78,Y69E51T78
f92c8f16c46e37d9,CPHC1T98,K8T5CY198
f328bc923fbc96e6,CYT71H96,X313MHT96
f411b0ab091e32cf,P227H180,Y925AC180
f646e828d94865d6,44252264,495252444
f9871a17891d5c88,B749CC6Y,414944T4P
fadeb658e740065c,K3369Y6A,Y33342T3T
f7867fe8fc23c854,T4844241,H444C444T
f725340b05974e77,231OH4P7,431OAT917
fa65d41ade06289d,Y353336X,4355EC36C
fa863b9cb2f1afed,C7218Y38,K721BCH98
fa8807b4d7a359c2,E5565H32,E5554C337
fbdb5a2883b9ce2a,46444431,H428EH431
ff170a1c6356ddb1,C2444273,413544774
ff396c61fbaf709f,A769AT98,A763T4198
fc04b12f5df4d354,6C424233,895444333
fd1d320c443e1043,25222TPT,2342CCT1T
fdb4df28a7dda301,Y202AP13,Y2XM2MYM5
fdf1286151435451,A511HH61,H44HH4B61
ff5ed2b7b28fb5bf,E33352T5,133524711
ffc44761286b63b6,832TH177,B392BK977
00bd0e276363ac60,O62TO429,C62124T38
